Abalistes_stellatus	TF
Abbottina_rivularis	IY
Abramis_brama	IY
Abudefduf_luridus	VF
Abudefduf_sexfasciatus	IF
Acantharchus_pomotis	IY
Acanthemblemaria_aspera	IF
Acanthemblemaria_betinensis	IF
Acanthemblemaria_castroi	IF
Acanthemblemaria_chaplini	IF
Acanthemblemaria_crockeri	IF
Acanthemblemaria_exilispinus	IF
Acanthemblemaria_greenfieldi	IF
Acanthemblemaria_hancocki	IF
Acanthemblemaria_macrospilus	IF
Acanthemblemaria_rivasi	IF
Acanthocybium_solandri	IF
Acantholabrus_palloni	IF
Acanthopagrus_berda	IF
Acanthopagrus_butcheri	IF
Acanthopagrus_schlegelii_schlegelii	TF
Acanthostracion_polygonius	TF
Acanthostracion_quadricornis	TF
Acanthurus_achilles	TF
Acanthurus_auranticavus	TF
Acanthurus_bahianus	TF
Acanthurus_bariene	TF
Acanthurus_blochii	TF
Acanthurus_chirurgus	TF
Acanthurus_coeruleus	TF
Acanthurus_guttatus	TF
Acanthurus_japonicus	TF
Acanthurus_leucocheilus	TF
Acanthurus_leucosternon	TF
Acanthurus_lineatus	TF
Acanthurus_mata	TF
Acanthurus_monroviae	TF
Acanthurus_nigricans	TF
Acanthurus_nigricauda	TF
Acanthurus_nigrofuscus	TF
Acanthurus_olivaceus	TF
Acanthurus_pyroferus	TF
Acanthurus_tennentii	TF
Acanthurus_thompsoni	TF
Acanthurus_triostegus	GF
Acanthurus_xanthopterus	TF
Acantopsis_choirorhynchos	IF
Acentrogobius_pflaumii	IF
Acheilognathus_tabira_tabira	IY
Acheilognathus_typus	IY
Acipenser_baerii	--
Acipenser_gueldenstaedtii	--
Acipenser_oxyrinchus	--
Acipenser_transmontanus	--
Acreichthys_tomentosus	IF
Acrocheilus_alutaceus	IY
Acrossocheilus_monticola	IF
Acrossocheilus_paradoxus	IF
Aeoliscus_strigatus	IF
Aethotaxis_mitopteryx_mitopteryx	IF
Afurcagobius_tamarensis	IF
Agosia_chrysogaster	IY
Akarotaxis_nudiceps	VF
Akihito_futuna	IF
Akihito_vanuatu	IF
Akrokolioplax_bicornis	IF
Alburnus_alburnus	IY
Alepocephalus_agassizii	IF
Alepocephalus_antipodianus	IF
Alepocephalus_bicolor	IF
Alepocephalus_owstoni	IF
Algansea_avia	IY
Algansea_lacustris	IY
Algansea_monticola	IY
Algansea_tincella	IY
Alloclinus_holderi	IF
Allomycterus_pilatus	IF
Alosa_alosa	IF
Alosa_fallax	IF
Alticus_saliens	IF
Altolamprologus_calvus	IF
Altolamprologus_compressiceps	IF
Aluterus_heudelotii	AF
Aluterus_monoceros	TF
Aluterus_schoepfii	AF
Aluterus_scriptus	TF
Ambloplites_ariommus	IY
Ambloplites_cavifrons	IY
Ambloplites_constellatus	IY
Ambloplites_rupestris	IY
Amblycirrhitus_bimacula	VF
Amblyeleotris_fasciata	IF
Amblyeleotris_guttata	IF
Amblyeleotris_gymnocephala	IF
Amblyeleotris_periophthalma	IF
Amblyeleotris_randalli	IF
Amblyeleotris_steinitzi	IF
Amblyeleotris_wheeleri	IF
Amblyeleotris_yanoi	IF
Amblygobius_nocturnus	IF
Amblygobius_phalaena	IF
Amblyopsis_rosae	-Y
Amblyopsis_spelaea	IY
Amblypharyngodon_chulabhornae	IF
Amblypharyngodon_mola	IF
Ameiurus_nebulosus	TY
Amia_calva	IY
Ammodytes_tobianus	IF
Amphiprion_akindynos	VF
Amphiprion_clarkii	V-
Amphiprion_melanopus	IF
Anableps_anableps	IF
Anablepsoides_hartii	IF
Anablepsoides_iridescens	IF
Anablepsoides_ophiomimus	IF
Anarhichas_denticulatus	--
Anarhichas_lupus	IF
Anarhichas_minor	IF
Andamia_reyi	IF
Andamia_tetradactylus	IF
Andinoacara_biseriatus	VF
Andinoacara_coeruleopunctatus	IF
Andinoacara_latifrons	IF
Andinoacara_pulcher	IF
Andinoacara_rivulatus	IF
Andinoacara_stalsbergi	IF
Anguilla_anguilla	IF
Anguilla_japonica	IF
Anguilla_rostrata	--
Anoplocapros_inermis	TF
Anoplocapros_lenticularis	TF
Antennarius_striatus	IF
Antigonia_capros	TF
Aphanopus_carbo	IF
Aphredoderus_sayanus	IY
Aphyocypris_chinensis	IY
Aphyosemion_ahli	IF
Aphyosemion_australe	IF
Aphyosemion_bivittatum	IF
Aphyosemion_elberti	IF
Aphyosemion_exigoideum	IF
Aphyosemion_hofmanni	IF
Aphyosemion_louessense	IF
Aphyosemion_ocellatum	IF
Aphyosemion_ogoense	IF
Aphyosemion_primigenium	IF
Apletodon_dentatus	LF
Aplocheilus_lineatus	IF
Aplochiton_zebra	LY
Aplodactylus_punctatus	IF
Aporops_bilinearis	IF
Apteronotus_albifrons	TY
Aracana_aurita	TF
Arapaima_gigas	IF
Archoplites_interruptus	IY
Arenigobius_bifrenatus	IF
Argentina_sialis	LF
Argentina_silus	LF
Argentina_sphyraena	LF
Argentina_striata	LF
Argyrosomus_regius	VF
Ariopsis_felis	VY
Aristostomias_scintillans	IY
Aristostomias_tittmanni	IY
Arnoglossus_imperialis	VF
Arnoglossus_laterna	VF
Arothron_diadematus	IF
Arothron_hispidus	IF
Arothron_immaculatus	IF
Arothron_manilensis	IF
Arothron_mappa	IF
Arothron_meleagris	IF
Arothron_nigropunctatus	IF
Arothron_stellatus	IF
Arripis_trutta	IF
Artedidraco_lonnbergi	VF
Artedidraco_orianae	VF
Artedidraco_shackletoni	VF
Artedidraco_skottsbergi	VF
Aruma_histrio	IF
Aspasma_minima	IF
Astatotilapia_burtoni	IF
Astatotilapia_calliptera	IF
Asterropteryx_ensifera	IF
Asterropteryx_semipunctata	IF
Astronesthes_macropogon	IF
Astronotus_ocellatus	IF
Astyanax_mexicanus	TY
Atherina_boyeri	IF
Atherina_breviceps	IF
Atherina_hepsetus	IF
Atherina_presbyter	IF
Atlantirivulus_haraldsiolii	IF
Atlantirivulus_santensis	IF
Atractoscion_aequidens	VF
Atractosteus_tropicus	LY
Auchenionchus_microcirrhis	IF
Aulonocara_baenschi	IF
Aulonocara_stuartgranti	IF
Aulonocranus_dewindti	--
Aulopus_filamentosus	IF
Aulorhynchus_flavidus	--
Aulostomus_chinensis	TF
Aurigequula_fasciata	IF
Auriglobus_nefastus	IF
Austrofundulus_leohoignei	IF
Austrofundulus_limnaeus	IF
Austrofundulus_transilis	IF
Austrolebias_adloffi	IF
Austrolebias_alexandri	IF
Austrolebias_bellottii	IF
Auxis_rochei_rochei	IF
Auxis_thazard_thazard	IF
Awaous_guamensis	IF
Axoclinus_lucillae	IF
Axoclinus_nigricaudus	IF
Axoclinus_storeyae	IF
Aztecula_sallaei	IY
Babka_gymnotrachelus	IY
Bagarius_yarrelli	IY
Baileychromis_centropomoides	IF
Balistapus_undulatus	TF
Balistes_capriscus	TF
Balistes_polylepis	TF
Balistes_punctatus	TF
Balistes_vetula	TF
Balistoides_conspicillum	TF
Balistoides_viridescens	TF
Bangana_ariza	IF
Bangana_dero	IF
Bangana_lemassoni	IF
Bangana_lippus	IF
Bangana_pierrei	IF
Bangana_tonkinensis	IF
Barbatula_barbatula	IF
Barbatula_toni	IF
Barbichthys_laevis	IF
Barbonymus_gonionotus	IF
Barbourisia_rufa	IF
Barbulifer_ceuthoecus	IF
Barbus_barbus	IF
Barbus_callipterus	IF
Barbus_fasciolatus	IF
Barbus_leonensis	IF
Barbus_trimaculatus	IF
Barilius_barila	IF
Barilius_bendelisis	IF
Barilius_canarensis	IF
Barilius_caudiocellatus	IF
Barilius_vagra	IF
Bathophilus_pawneei	VF
Bathophilus_vaillanti	IF
Bathybates_fasciatus	IF
Bathydraco_antarcticus	VF
Bathydraco_macrolepis	VF
Bathydraco_marri	VF
Bathydraco_scotiae	VF
Bathygobius_cocosensis	IF
Bathygobius_curacao	IF
Bathygobius_soporator	IF
Bathylagus_euryops	TY
Beaufortia_szechuanensis	IF
Bedotia_geayi	IF
Belligobio_nummifer	IY
Belone_belone	IF
Belonoperca_chabanaudi	IF
Benthochromis_horii	IF
Benthochromis_melanoides	IF
Benthochromis_tricoti	IF
Benthophilus_magistri	IY
Benthosema_pterotum	GY
Beryx_decadactylus	VF
Beryx_splendens	IF
Betadevario_ramachandrani	IF
Biwia_zezera	IY
Blenniella_chrysospilos	IF
Blenniella_cyanostigma	IF
Blennioclinus_stella	IF
Blennophis_striatus	IF
Bodianus_scrofa	IF
Bonapartia_pedaliota	TF
Boops_boops	VF
Boraras_brigittae	IF
Boraras_maculatus	IF
Boraras_merah	IF
Boraras_micros	I-
Boraras_urophthalmoides	IF
Bostockia_porosa	IF
Bothus_podas	VF
Botia_dario	IF
Boulengerochromis_microlepis	IF
Bovichtus_variegatus	IF
Brachaluteres_jacksonianus	IF
Brachyhypopomus_gauderio	TY
Brachymystax_lenok	IF
Brachypleura_novaezeelandiae	IF
Brama_brama	IF
Brevibora_dorsiocellata	IF
Brosme_brosme	TF
Brotula_barbata	IF
Bryaninops_yongei	MF
Brycinus_macrolepidotus	TY
Buglossidium_luteum	TF
Cabdio_morar	IF
Cabillus_tongarevae	IF
Caffrogobius_saldanha	IF
Calliclinus_geniguttatus	IF
Callionymus_filamentosus	TF
Callionymus_lyra	TF
Callionymus_maculatus	TF
Callionymus_reticulatus	TF
Callionymus_schaapii	IF
Callochromis_macrops	IF
Callogobius_bifasciatus	IF
Callogobius_sclateri	IF
Callopanchax_occidentalis	IF
Campellolebias_brucei	IF
Campostoma_anomalum	IY
Campostoma_oligolepis	IY
Campostoma_ornatum	IY
Campostoma_pauciradii	IY
Campostoma_pullum	IY
Cancelloxus_longior	IF
Candidia_barbata	IY
Cantherhines_pardalis	TF
Cantherhines_pullus	TF
Canthidermis_maculata	TF
Canthigaster_amboinensis	TF
Canthigaster_bennetti	TF
Canthigaster_callisterna	TF
Canthigaster_compressa	TF
Canthigaster_coronata	TF
Canthigaster_figueiredoi	TF
Canthigaster_jactator	TF
Canthigaster_janthinoptera	TF
Canthigaster_leoparda	TF
Canthigaster_papua	TF
Canthigaster_punctatissima	TF
Canthigaster_rivulata	TF
Canthigaster_rostrata	TF
Canthigaster_smithae	TF
Canthigaster_solandri	TF
Canthigaster_valentini	TF
Canthophrys_gongota	IF
Caprichthys_gymnura	TF
Capropygia_unistriata	TF
Capros_aper	TF
Caracanthus_unipinna	IF
Caranx_crysos	VF
Carapus_boraborensis	IF
Carassius_carassius	IF
Carassius_gibelio	IF
Carinotetraodon_irrubesco	IF
Carinotetraodon_salivator	IF
Carinotetraodon_travancoricus	IF
Cataetyx_laticeps	IF
Catla_catla	IF
Catostomus_commersonii	IF
Centrarchus_macropterus	IY
Centrolophus_niger	IF
Cephalopholis_sonnerati	IF
Cepola_macrophthalma	IF
Ceratias_holboelli	VF
Cerdale_floridana	IF
Cestraeus_oxyrhyncus	TF
Chaenocephalus_aceratus	IF
Chaenodraco_wilsoni	IF
Chaenopsis_alepidota	IF
Chaenopsis_limbaughi	IF
Chaenopsis_schmitti	IF
Chaetodermis_penicilligerus	IF
Chaetodon_semilarvatus	IF
Chalceus_macrolepidotus	TY
Chalinochromis_brichardi	IF
Champsocephalus_esox	IF
Champsocephalus_gunnari	IF
Champsodon_snyderi	TF
Channa_striata	IF
Channichthys_rhinoceratus	IF
Chanodichthys_erythropterus	IY
Chanodichthys_mongolicus	IY
Chanos_chanos	IF
Characidium_fasciatum	TY
Chascanopsetta_lugubris	VF
Chauliodus_macouni	VF
Chauliodus_sloani	VF
Cheimarrichthys_fosteri	IF
Chela_cachius	IF
Chelaethiops_bibie	IF
Chelaethiops_elongatus	IF
Chelidonichthys_cuculus	TF
Chelidonichthys_kumu	TF
Chelidonichthys_lucerna	TF
Chelidonichthys_obscurus	TF
Chelon_labrosus	IF
Chelon_macrolepis	IF
Chelon_subviridis	IF
Chelonodon_patoca	IF
Chelonodon_pleurospilus	IF
Chilomycterus_antennatus	IF
Chilomycterus_antillarum	IF
Chilomycterus_reticulatus	IF
Chilomycterus_schoepfii	IF
Chionobathyscus_dewitti	IF
Chionodraco_hamatus	IF
Chionodraco_myersi	IF
Chionodraco_rastrospinosus	IF
Chlorophthalmus_agassizi	IF
Chloroscombrus_chrysurus	IF
Chologaster_cornuta	IY
Chonerhinos_naritus	IF
Chromis_limbata	IF
Chromis_viridis	IF
Chromobotia_macracanthus	IF
Chrosomus_erythrogaster	-Y
Chrysiptera_cyanea	IF
Chrysiptera_rex	IF
Chrysophrys_auratus	TF
Chrysophrys_major	TF
Chuanchia_labiosa	IF
Ciliata_septentrionalis	IF
Cirrhinus_cirrhosus	IF
Cirrhinus_microlepis	IF
Cirrhinus_molitorella	IF
Cirrhinus_mrigala	IF
Cirrhitus_pinnulatus	IF
Cirriemblemaria_lucasana	IF
Cirripectes_castaneus	IF
Cirripectes_filamentosus	IF
Cirripectes_quagga	IF
Cirripectes_stigmaticus	IF
Citharoides_macrolepis	IF
Citharus_linguatula	IF
Claea_dabryi	IF
Clarias_gariepinus	VY
Clinostomus_funduloides	IY
Clinus_acuminatus	IF
Clinus_agilis	IF
Clinus_arborescens	IF
Clinus_cottoides	IF
Clinus_musaicus	IF
Clinus_spatulatus	IF
Clinus_superciliosus	IF
Clinus_venustris	IF
Clupea_harengus	TY
Cnesterodon_decemmaculatus	IF
Cnesterodon_hypselurus	IF
Cobitis_biwae	IF
Cobitis_shikokuensis	IF
Cobitis_striata	IF
Cobitis_takatsuensis	IF
Codoma_ornata	IY
Coilia_dussumieri	IF
Colomesus_asellus	IF
Conger_conger	IF
Conger_japonicus	IF
Copadichromis_borleyi	IF
Coptodon_bakossiorum	IF
Coptodon_bemini	IF
Coptodon_bythobathes	IF
Coptodon_rendalli	IF
Coptodon_snyderae	IF
Coralliozetus_angelicus	IF
Coralliozetus_boehlkei	IF
Coralliozetus_cardonae	IF
Coralliozetus_micropes	IF
Coralliozetus_springeri	IF
Coregonus_autumnalis	IY
Coreoleuciscus_splendidus	IY
Coreoperca_kawamebari	IF
Coreoperca_loona	IF
Corydoras_rabauti	TY
Coryphaena_equiselis	IF
Coryphaena_hippurus	IF
Coryphaenoides_carapinus	IF
Coryphaenoides_leptolepis	IF
Coryphaenoides_profundicolus	AF
Coryphaenoides_rupestris	IF
Coryphoblennius_galerita	IF
Coryphopterus_dicrus	IF
Coryphopterus_hyalinus	IF
Coryphopterus_personatus	IF
Coryphopterus_punctipectophorus	IF
Cottoperca_gobio	TF
Cottunculus_thomsonii	IF
Cotylopus_acutipinnis	IF
Cotylopus_rubripinnis	IF
Couesius_plumbeus	IY
Cranoglanis_bouderius	TY
Cremnochorites_capensis	IF
Crenicichla_frenata	IF
Creteuchiloglanis_kamengensis	TY
Cristiceps_australis	IF
Crossocheilus_burmanicus	IF
Crossocheilus_nigriloba	IF
Crossocheilus_oblongus	IF
Crossocheilus_reticulatus	IF
Cryodraco_antarcticus	IF
Cryodraco_atkinsoni	IF
Cryptocentrus_albidorsus	IF
Cryptocentrus_cinctus	IF
Cryptocentrus_inexplicatus	IF
Cryptocentrus_leptocephalus	IF
Cryptocentrus_lutheri	IF
Cryptocentrus_nigrocellatus	IF
Ctenochaetus_binotatus	TF
Ctenochaetus_striatus	TF
Ctenochaetus_strigosus	TF
Ctenochaetus_truncatus	TF
Ctenogobiops_aurocingulus	IF
Ctenogobiops_formosa	IF
Ctenogobiops_mitodes	IF
Ctenogobiops_tangaroai	TF
Ctenogobiops_tongaensis	IF
Ctenolucius_hujeta	TY
Ctenopharyngodon_idella	IY
Cubiceps_gracilis	IF
Culter_alburnus	IY
Culter_flavipinnis	IY
Cyathopharynx_furcifer	IF
Cycleptus_elongatus	IY
Cyclocheilichthys_janthochir	IY
Cyclopterus_lumpus	IF
Cygnodraco_mawsoni	IF
Cynodonichthys_magdalenae	IF
Cynodonichthys_tenuis	IF
Cynoglossus_browni	IF
Cynoglossus_senegalensis	IF
Cynoscion_regalis	VF
Cynotilapia_afra	IF
Cyphotilapia_frontosa	IF
Cyprichromis_coloratus	IF
Cyprichromis_leptosoma	IF
Cyprichromis_microlepidotus	IF
Cyprichromis_pavo	IF
Cyprichromis_zonatus	IF
Cyprinella_bocagrande	IY
Cyprinella_formosa	IY
Cyprinella_garmani	IY
Cyprinella_lutrensis	IY
Cyprinella_monacha	IY
Cyprinella_proserpina	IY
Cyprinella_rutila	IY
Cyprinella_xanthicara	IY
Cyprinus_carpio	IF
Dacodraco_hunteri	IF
Dactyloptena_orientalis	TF
Dactylopterus_volitans	IF
Dactyloscopus_lacteus	IF
Dallia_pectoralis	IF
Danio_aesculapii	IF
Danio_albolineatus	IF
Danio_choprae	IF
Danio_dangila	IF
Danio_erythromicron	IF
Danio_feegradei	IF
Danio_kerri	IF
Danio_kyathit	IF
Danio_margaritatus	IF
Danio_meghalayensis	IF
Danio_nigrofasciatus	IF
Danio_rerio	IF
Danio_roseus	IF
Danio_tinwini	IF
Danionella_dracula	IF
Danionella_mirifica	IF
Dascyllus_aruanus	IF
Dascyllus_trimaculatus	VF
Dawkinsia_arulius	IF
Dawkinsia_assimilis	IF
Dawkinsia_filamentosa	IF
Dawkinsia_tambraparniei	IF
Delminichthys_adspersus	IY
Delminichthys_ghetaldii	IY
Delminichthys_jadovensis	IY
Delminichthys_krbavensis	IY
Dendrochirus_biocellatus	IF
Dentex_angolensis	TF
Dentex_canariensis	LF
Dentex_dentex	TF
Dentex_gibbosus	TF
Dentex_macrophthalmus	TF
Dentex_maroccanus	TF
Denticeps_clupeoides	TY
Devario_aequipinnatus	IF
Devario_annandalei	IF
Devario_apogon	IF
Devario_auropurpureus	IF
Devario_chrysotaeniatus	IF
Devario_devario	IF
Devario_kakhienensis	IF
Devario_laoensis	IF
Devario_maetaengensis	IF
Devario_malabaricus	IF
Devario_pathirana	IF
Devario_regina	IF
Devario_shanensis	IF
Devario_sondhii	IF
Devario_xyrops	IF
Dialommus_macrocephalus	IF
Diaphus_metopoclampus	GF
Diaphus_watasei	GF
Diapterus_auratus	IF
Dicentrarchus_labrax	IF
Dicentrarchus_punctatus	IF
Dicologlossa_cuneata	IF
Dimidiochromis_compressiceps	IF
Diodon_holocanthus	IF
Diodon_hystrix	IF
Diodon_liturosus	IF
Diodon_nicthemerus	IF
Dionda_argentosa	IY
Dionda_diaboli	IY
Dionda_episcopa	IY
Dionda_melanops	IY
Dionda_nigrotaeniata	IY
Dionda_serena	IY
Diplodus_annularis	IF
Diplodus_cervinus_cervinus	IF
Diplodus_puntazzo	IF
Diplodus_sargus_cadenati	IF
Diplodus_sargus_sargus	IF
Diplodus_vulgaris	IF
Diplomystes_nahuelbutaensis	VY
Diplotaxodon_macrops	IF
Discocheilus_wui	IF
Discogobio_brachyphysallidos	IF
Discogobio_macrophysallidos	IF
Discogobio_tetrabarbatus	IF
Discogobio_yunnanensis	IF
Discolabeo_wuluoheensis	IF
Dissostichus_eleginoides	VF
Dissostichus_mawsoni	VF
Distichodus_antonii	TY
Dolloidraco_longedorsalis	VF
Dorosoma_cepedianum	IF
Doryrhamphus_excisus_excisus	TF
Drepane_africana	IX
Echeneis_naucrates	IX
Echeneis_neucratoides	IX
Echiichthys_vipera	IF
Echiodon_cryomargarites	TF
Economidichthys_pygmaeus	IF
Ecsenius_midas	IF
Ecsenius_nalolo	IF
Ecsenius_opsifrontalis	IF
Ecsenius_pardus	IF
Ectodus_descampsii	--
Eigenmannia_virescens	TY
Ekemblemaria_myersi	IF
Ekemblemaria_nigra	IF
Elacatinus_atronasus	IF
Elacatinus_chancei	IF
Elacatinus_digueti	IF
Elacatinus_dilepis	IF
Elacatinus_evelynae	IF
Elacatinus_figaro	IF
Elacatinus_genie	IF
Elacatinus_horsti	IF
Elacatinus_illecebrosus	IF
Elacatinus_limbaughi	IF
Elacatinus_lori	IF
Elacatinus_louisae	IF
Elacatinus_oceanops	IF
Elacatinus_pallens	IF
Elacatinus_prochilos	IF
Elacatinus_puncticulatus	IF
Elacatinus_randalli	IF
Elacatinus_xanthiprora	IF
Elassoma_alabamae	LF
Elassoma_boehlkei	LF
Elassoma_evergladei	LF
Elassoma_gilberti	LF
Elassoma_zonatum	LF
Electrona_antarctica	GY
Eleginops_maclovinus	VF
Eleutheronema_rhadinum	IF
Ellopostoma_mystax	IF
Elopichthys_bambusa	IY
Elops_saurus	IF
Embiotoca_jacksoni	TF
Emblemaria_diphyodontis	IF
Emblemaria_hypacanthus	IF
Emblemaria_nivipes	IF
Emblemaria_pandionis	IF
Emblemaria_piratica	IF
Emblemariopsis_randalli	IF
Emblemariopsis_signifer	IF
Enchelycore_anatina	IF
Enchelyopus_cimbrius	IF
Engraulicypris_sardella	IF
Engraulis_encrasicolus	CF
Engraulis_japonicus	CF
Enneacanthus_chaetodon	IY
Enneacanthus_gloriosus	IY
Enneacanthus_obesus	IF
Enneanectes_altivelis	IF
Enneanectes_boehlkei	IF
Enneanectes_carminalis	IF
Enneanectes_pectoralis	IF
Enneapterygius_abeli	IF
Enneapterygius_gruschkai	IF
Enneapterygius_tutuilae	IF
Enoplosus_armatus	IF
Entomacrodus_chiostictus	IF
Entomacrodus_nigricans	IF
Entomacrodus_niuafoouensis	IF
Entomacrodus_striatus	IF
Eopsetta_jordani	TF
Epalzeorhynchos_bicolor	IF
Epalzeorhynchos_frenatus	IF
Epalzeorhynchos_kalopterus	IF
Epigonus_telescopus	IF
Epinephelus_aeneus	IF
Epinephelus_costae	IF
Epinephelus_guttatus	IF
Epinephelus_marginatus	IF
Epinephelus_tauvina	IF
Epiplatys_bifasciatus	IF
Epiplatys_lamottei	IF
Epiplatys_singa	IF
Erimystax_dissimilis	IY
Erythrocles_monodi	TF
Esomus_ahli	IF
Esomus_caudiocellatus	IF
Esomus_danricus	IF
Esomus_longimanus	IF
Esomus_metallicus	IF
Esox_americanus_americanus	IY
Esox_lucius	IY
Esox_reichertii	IY
Etheostoma_rufilineatum	IF
Etroplus_maculatus	IF
Euchiloglanis_kishinouyei	TY
Eucinostomus_gula	IF
Eugerres_plumieri	IF
Eurypharynx_pelecanoides	IF
Eustomias_acinosus	IF
Eustomias_filifer	LF
Euthynnus_alletteratus	IF
Eutrigla_gurnardus	TF
Eviota_afelei	IF
Exerpes_asper	IF
Exoglossum_laurae	IY
Exoglossum_maxillingua	IY
Exostoma_labiatum	TY
Exyrias_belissimus	IF
Favonigobius_exquisitus	IF
Favonigobius_melanobranchus	IF
Favonigobius_reichei	IF
Fistularia_petimba	TF
Forbesichthys_agassizii	IY
Forbesichthys_papilliferus	IY
Formosania_fascicauda	IF
Forsterygion_lapillum	IF
Fundulopanchax_gardneri_gardneri	IF
Fundulopanchax_mirabilis	IF
Fusigobius_duospilus	IF
Fusigobius_neophytus	IF
Fusigobius_signipinnis	IF
Gadiculus_argenteus	VF
Gadopsis_marmoratus	IF
Gadus_morhua	TF
Gadus_ogac	TF
Gagata_dolichonema	IY
Gaidropsarus_biscayensis	IF
Gaidropsarus_mediterraneus	IF
Galaxias_brevipinnis	VY
Galaxias_gollumoides	VY
Galaxias_maculatus	VY
Galaxias_neocaledonicus	VY
Galaxias_paucispondylus	AY
Galaxias_platei	VY
Galaxias_zebratus	AY
Garra_bicornuta	IF
Garra_ceylonensis	IF
Garra_congoensis	IF
Garra_fasciacauda	IF
Garra_flavatra	IF
Garra_fuliginosa	IF
Garra_gotyla_gotyla	IF
Garra_imberba	IF
Garra_kempi	IF
Garra_lamta	IF
Garra_lissorhynchus	IF
Garra_makiensis	IF
Garra_micropulvinus	IF
Garra_mirofrontis	IF
Garra_mullya	IF
Garra_nasuta	IF
Garra_orientalis	IF
Garra_ornata	IF
Garra_rufa	IF
Garra_spilota	IF
Garra_tengchongensis	IF
Garra_waterloti	IF
Gasterochisma_melampus	IF
Gasterosteus_aculeatus	IF
Gempylus_serpens	VF
Gerlachea_australis	IF
Gerres_cinereus	IF
Gibbonsia_elegans	IF
Gibbonsia_metzi	IF
Gibbonsia_montereyensis	IF
Gila_atraria	IY
Gila_brevicauda	IY
Gila_coerulea	IY
Gila_conspersa	IY
Gila_cypha	IY
Gila_ditaenia	IY
Gila_elegans	IY
Gila_eremica	IY
Gila_intermedia	IY
Gila_minacae	IY
Gila_modesta	IY
Gila_nigra	IY
Gila_nigrescens	IY
Gila_orcuttii	IY
Gila_pandora	IY
Gila_pulchra	IY
Gila_purpurea	IY
Gila_robusta	IY
Gila_seminuda	IY
Gillellus_uranidea	IF
Ginsburgellus_novemlineatus	IF
Girella_punctata	IF
Glaridoglanis_andersonii	TY
Glaucosoma_buergeri	IF
Glaucosoma_hebraicum	IF
Glaucosoma_magnificum	IF
Glaucosoma_scapulare	IF
Glyptocephalus_cynoglossus	TF
Glyptosternon_maculatum	TY
Glyptothorax_trilineatus	IY
Gnathanodon_speciosus	IF
Gnathochromis_permaxillaris	IF
Gnathodentex_aureolineatus	TF
Gnatholebias_zonatus	IF
Gnatholepis_cauerensis	IF
Gnathopogon_elongatus	IY
Gnathopogon_herzensteini	IY
Gnathopogon_strigatus	IY
Gobiesox_juradoensis	IF
Gobiesox_pinniger	IF
Gobiesox_rhessodon	IF
Gobio_coriparoides	IY
Gobio_cynocephalus	IY
Gobio_gobio	IY
Gobiobotia_meridionalis	IY
Gobiobotia_pappenheimi	IY
Gobiodon_histrio	IF
Gobiodon_quinquestrigatus	IF
Gobionotothen_acuta	VF
Gobionotothen_gibberifrons	VF
Gobiosoma_bosc	IF
Gobiosoma_chiquita	IF
Gobius_niger	IF
Gobiusculus_flavescens	IF
Gonorynchus_greyi	IF
Grammatotria_lemairii	IF
Grammicolepis_brachiusculus	IF
Grammistops_ocellatus	IF
Greenwoodochromis_bellcrossi	IF
Gunnellichthys_monostigma	IF
Gymnocephalus_cernua	IY
Gymnocypris_eckloni	IF
Gymnocypris_przewalskii	IF
Gymnocypris_waddellii	IF
Gymnodraco_acuticeps	VF
Gymnothorax_bacalladoi	IF
Gymnothorax_favagineus	IF
Gymnothorax_maderensis	IF
Gymnothorax_miliaris	IF
Gymnothorax_polygonius	IF
Gymnothorax_reticularis	IF
Gymnothorax_unicolor	IF
Gymnotus_cylindricus	TY
Gyrinocheilus_aymonieri	IF
Gyrinocheilus_pennocki	IF
Haemulon_aurolineatum	IF
Hainania_serrata	IY
Halobatrachus_didactylus	IF
Halosauropsis_macrochir	IF
Haludaria_fasciata	IF
Hampala_macrolepidota	IF
Haplochromis_azureus	IF
Haplochromis_degeni	IF
Haplochromis_fischeri	IF
Haplochromis_nyererei	IF
Haplochromis_pyrrhocephalus	IF
Haplochromis_riponianus	IF
Haplotaxodon_microlepis	IF
Haplotaxodon_trifasciatus	IF
Harpagifer_antarcticus	AF
Helcogramma_ellioti	IF
Helcogramma_fuscopinna	IF
Helicolenus_dactylopterus	IF
Hemibagrus_wyckioides	--
Hemibarbus_labeo	IY
Hemibarbus_maculatus	IY
Hemibarbus_mylodon	IY
Hemibates_stenosoma	VF
Hemiculter_bleekeri	IY
Hemiculter_leucisculus	IY
Hemiculter_lucidus	IY
Hemiemblemaria_simulus	IF
Hemigrammocypris_rasborella	IY
Hemitremia_flammea	IY
Henicorhynchus_lineatus	IF
Henicorhynchus_lobatus	IF
Henicorhynchus_ornatipinnis	IF
Henicorhynchus_siamensis	IF
Hepsetus_odoe	TY
Hesperoleucus_symmetricus	IY
Heteroclinus_adelaidae	IF
Heteropriacanthus_cruentatus	AF
Heterostichus_rostratus	IF
Heterotilapia_buttikoferi	IF
Hippichthys_penicillus	GF
Hippocampus_bargibanti	TF
Hippocampus_breviceps	AF
Hippocampus_erectus	TF
Hippocampus_guttulatus	TF
Hippocampus_hippocampus	TF
Hippocampus_ingens	TF
Hippocampus_patagonicus	TF
Hippocampus_reidi	TF
Hippocampus_zosterae	TF
Hippoglossoides_platessoides	TF
Hippoglossus_hippoglossus	IF
Hippoglossus_stenolepis	IF
Histiobranchus_bathybius	IF
Histiodraco_velifer	VF
Holacanthus_ciliaris	TF
Homaloptera_leonardi	IF
Homaloptera_parclitella	IF
Hongshuia_microstomatus	IF
Hongshuia_paoli	IF
Hoplias_malabaricus	TY
Hoplostethus_atlanticus	IF
Hoplostethus_mediterraneus_mediterraneus	IF
Horadandia_atukorali	IF
Howella_brodiei	IF
Huso_huso	IY
Hybognathus_nuchalis	IY
Hybognathus_placitus	IY
Hybopsis_winchelli	IY
Hydrolycus_armatus	TY
Hypentelium_nigricans	IF
Hyperoplus_lanceolatus	IF
Hypleurochilus_aequipinnis	IF
Hypleurochilus_fissicornis	IF
Hypomesus_nipponensis	IF
Hypophthalmichthys_molitrix	IY
Hypophthalmichthys_nobilis	IY
Hyporhamphus_sajori	PF
Hypselobarbus_jerdoni	IF
Hypsoblennius_brevipinnis	IF
Hypsoblennius_caulopus	IF
Hypsoblennius_gentilis	IF
Hypsoblennius_gilberti	IF
Hypsoblennius_hentz	IF
Hypsoblennius_jenkinsi	IF
Hypsolebias_flammeus	IF
Hypsolebias_flavicaudatus	IF
Hypsolebias_magnificus	IF
Ictalurus_punctatus	TF
Idiacanthus_antrostomus	IF
Idiotropiscis_lumnitzeri	TF
Incisilabeo_behri	IF
Indostomus_paradoxus	IF
Iotichthys_phlegethontis	IY
Ischikauia_steenackeri	IY
Iso_natalensis	IF
Istiblennius_dussumieri	IF
Istiblennius_edentulus	IF
Istiblennius_lineatus	IF
Istigobius_decoratus	IF
Istigobius_rigilius	IF
Istiompax_indica	VF
Istiophorus_platypterus	VF
Jenynsia_onca	IF
Julidochromis_dickfeldi	IF
Julidochromis_marlieri	IF
Julidochromis_ornatus	IF
Julidochromis_regani	FF
Kajikia_albida	VF
Kajikia_audax	VF
Kali_macrura	IF
Kathetostoma_giganteum	IF
Katsuwonus_pelamis	IF
Kentrocapros_rosapinto	TF
Kichulchoia_multifasciata	IF
Knipowitschia_milleri	IF
Konia_dikume	IF
Konia_eisentrauti	IF
Kottelatia_brittani	IF
Kraemeria_bryani	IF
Kraemeria_cunicularia	IF
Kryptolebias_caudomarginatus	IF
Kryptolebias_marmoratus	IF
Kryptopterus_minor	TY
Kuhlia_caudavittata	IF
Kuhlia_malo	IF
Kuhlia_marginata	IF
Kuhlia_mugil	VF
Kuhlia_munda	IF
Kuhlia_nutabunda	VF
Kuhlia_petiti	VF
Kuhlia_rupestris	IF
Kuhlia_salelea	IF
Kuhlia_sandvicensis	IF
Kuhlia_sauvagii	IF
Kuhlia_xenura	IF
Kyphosus_vaigiensis	IF
Labeo_angra	IF
Labeo_bata	IF
Labeo_batesii	IF
Labeo_boga	IF
Labeo_calbasu	IF
Labeo_chrysophekadion	IF
Labeo_cyclorhynchus	IF
Labeo_forskalii	IF
Labeo_horie	IF
Labeo_niloticus	IF
Labeo_parvus	IF
Labeo_rohita	IF
Labeo_senegalensis	IF
Labeo_stolizkae	IF
Labeo_weeksii	IF
Labeo_yunnanensis	IF
Labeotropheus_fuelleborni	IF
Labeotropheus_trewavasae	IF
Labidochromis_caeruleus	IF
Labidochromis_vellicans	--
Labiobarbus_lineatus	IF
Labiobarbus_ocellatus	IF
Labiobarbus_siamensis	IF
Labrisomus_bucciferus	IF
Labrisomus_guppyi	IF
Labrisomus_haitiensis	MF
Labrisomus_nigricinctus	IF
Labrisomus_nuchipinnis	IF
Labrisomus_striatus	IF
Labrisomus_xanti	IF
Labrus_bergylta	IF
Labrus_mixtus	IF
Lacantunia_enigmatica	TY
Lactarius_lactarius	VF
Lactophrys_trigonus	TF
Lactoria_cornuta	IF
Lactoria_diaphana	TF
Lagocephalus_guentheri	TF
Lagocephalus_laevigatus	TF
Lagocephalus_lagocephalus_lagocephalus	TF
Lagocephalus_lunaris	IF
Lagocephalus_suezensis	TF
Lagocephalus_wheeleri	TF
Laimosemion_mahdiaensis	IF
Lampris_guttatus	IF
Lampris_immaculatus	TF
Lamprogrammus_shcherbachevi	IF
Lamprologus_callipterus	IF
Lamprologus_lemairii	IF
Lamprologus_ocellatus	IF
Lateolabrax_japonicus	IF
Lates_calcarifer	IF
Lates_niloticus	IF
Latridopsis_ciliaris	TF
Laubuca_caeruleostigmata	IF
Laubuca_dadiburjori	IF
Laubuca_fasciata	IF
Laubuca_laubuca	IY
Lavinia_exilicauda	IY
Lefua_costata	IF
Lefua_echigonia	IF
Leiarius_pictus	TY
Lentipes_armatus	IF
Lentipes_kaaea	IF
Leocottus_kesslerii	IY
Lepadogaster_lepadogaster	LF
Lepidiolamprologus_attenuatus	IF
Lepidiolamprologus_cunningtoni	IF
Lepidiolamprologus_elongatus	IF
Lepidiolamprologus_kendalli	IF
Lepidiolamprologus_mimicus	IF
Lepidiolamprologus_profundicola	IF
Lepidoblepharon_ophthalmolepis	IF
Lepidogalaxias_salamandroides	VF
Lepidomeda_albivallis	IY
Lepidomeda_vittata	IY
Lepidonectes_corallicola	IF
Lepidonotothen_larseni	VF
Lepidonotothen_nudifrons	VF
Lepidonotothen_squamifrons	VF
Lepidopus_caudatus	VF
Lepidorhombus_boscii	TF
Lepidorhombus_whiffiagonis	TF
Lepidotrigla_cavillone	VF
Lepisosteus_oculatus	LY
Lepisosteus_osseus	LY
Lepomis_auritus	IY
Lepomis_cyanellus	IY
Lepomis_gibbosus	IY
Lepomis_gulosus	IY
Lepomis_humilis	IY
Lepomis_macrochirus	IY
Lepomis_marginatus	IY
Lepomis_megalotis	IY
Lepomis_microlophus	IY
Lepomis_miniatus	IY
Lepomis_punctatus	IY
Lepomis_symmetricus	IY
Leptobarbus_hoevenii	IF
Leptobotia_pellegrini	IF
Leptocypris_niloticus	IF
Lestradea_stappersii	IF
Lethrinops_parvidens	IF
Lethrinus_olivaceus	TF
Lichia_amia	IF
Limanda_limanda	IF
Limia_dominicensis	IF
Limia_heterandria	IF
Limia_melanogaster	IF
Limnochromis_abeelei	IF
Limnochromis_staneri	IF
Lindbergichthys_mizops	VF
Liobagrus_anguillicauda	TY
Liopropoma_lunulatum	IF
Liparis_fabricii	IF
Liparis_liparis_liparis	IF
Liparis_montagui	IF
Lipophrys_pholis	IF
Lipophrys_trigloides	IF
Lithognathus_mormyrus	IF
Liza_aurata	IF
Liza_haematocheila	IF
Liza_ramada	IF
Liza_saliens	IF
Llanolebias_stellifer	IF
Lobocheilos_melanotaenia	IF
Lophius_budegassa	IF
Lophius_piscatorius	IF
Lophius_vaillanti	--
Lophogobius_cyprinoides	IF
Lopholatilus_chamaeleonticeps	VF
Lovettia_sealii	LY
Lucania_goodei	IF
Lucayablennius_zingaro	IF
Lucifuga_dentata	IF
Lucifuga_simile	IF
Lucifuga_subterranea	IF
Luciobrama_macrocephalus	IY
Luciosoma_bleekeri	IF
Luciosoma_setigerum	IF
Lutjanus_analis	IF
Lutjanus_sebae	IF
Luvarus_imperialis	--
Luxilus_chrysocephalus	IY
Lycodapus_antarcticus	TF
Lycodes_terraenovae	TF
Lythrypnus_dalli	IF
Lythrypnus_zebra	IF
Macrhybopsis_aestivalis	IY
Macrochirichthys_macrochirus	IY
Macroramphosus_scolopax	TX
Macruronus_novaezelandiae	VF
Mahidolia_mystacina	IF
Makaira_nigricans	VF
Malacoctenus_aurolineatus	IF
Malacoctenus_boehlkei	IF
Malacoctenus_ebisui	IF
Malacoctenus_gigas	IF
Malacoctenus_hubbsi	IF
Malacoctenus_tetranemus	IF
Malacoctenus_triangulatus	IF
Malacoctenus_zacae	IF
Malacoctenus_zonifer	IF
Malacoctenus_zonogaster	IF
Malapterurus_microstoma	LY
Malayochela_maassi	IF
Mancopsetta_maculata	VF
Maratecoara_formosa	IF
Margariscus_margarita	IY
Marilyna_darwinii	IF
Mastacembelus_erythrotaenia	IF
Maylandia_mbenjii	--
Maylandia_zebra	IF
Mccoskerichthys_sandae	IF
Meda_fulgida	IY
Megalobrama_amblycephala	IY
Megalops_atlanticus	IF
Meiacanthus_oualanensis	IF
Mekongina_erythrospila	IF
Melamphaes_suborbitalis	GF
Melanochromis_auratus	IF
Melanochromis_vermivorus	IF
Melanogrammus_aeglefinus	TF
Melanorivulus_pictus	IF
Melanorivulus_punctatus	IF
Melanorivulus_violaceus	IF
Melanotaenia_lacustris	IF
Melichthys_indicus	TF
Melichthys_niger	TF
Melichthys_vidua	TF
Mene_maculata	TF
Menidia_menidia	IF
Menticirrhus_americanus	VF
Merlangius_merlangus	IF
Merluccius_australis	TF
Merluccius_capensis	TF
Merluccius_gayi_gayi	TF
Merluccius_hubbsi	TF
Merluccius_merluccius	TF
Merluccius_paradoxus	TF
Merluccius_polli	TF
Merluccius_productus	TF
Merluccius_senegalensis	TF
Mesobola_brevianalis	IF
Mesogobius_batrachocephalus	MY
Metzia_formosae	IY
Metzia_lineata	IY
Meuschenia_trachylepis	AF
Microcanthus_strigatus	IF
Microchirus_azevia	IF
Microchirus_variegatus	IF
Microdesmus_bahianus	IF
Microdesmus_carri	IF
Microdesmus_longipinnis	IF
Microdevario_gatesi	IF
Microdevario_kubotai	IF
Microdevario_nana	IF
Microglanis_iheringi	TY
Microgobius_microlepis	IF
Microlipophrys_adriaticus	IF
Microlipophrys_bauchotae	IF
Microlipophrys_caboverdensis	IF
Microlipophrys_canevae	IF
Microlipophrys_dalmatinus	IF
Microlipophrys_velifer	IF
Micromesistius_poutassou	TF
Microphysogobio_amurensis	IY
Microphysogobio_elongatus	IY
Microphysogobio_longidorsalis	IY
Micropoecilia_bifurca	IF
Micropoecilia_branneri	IF
Micropoecilia_picta	IF
Micropterus_cataractae	IY
Micropterus_coosae	IY
Micropterus_dolomieu	IY
Micropterus_floridanus	IY
Micropterus_notius	IY
Micropterus_punctulatus	IY
Micropterus_salmoides	IY
Micropterus_treculii	IY
Microrasbora_rubescens	IF
Microstomus_kitt	TF
Minytrema_melanops	IF
Misgurnus_anguillicaudatus	IF
Misgurnus_nikolskyi	IF
Moapa_coriacea	IY
Mola_mola	TF
Molva_dypterygia	TF
Molva_molva	IF
Monacanthus_chinensis	IF
Monacanthus_ciliatus	AF
Monopterus_albus	IF
Monotaxis_grandoculis	TF
Monotrete_cochinchinensis	IF
Monotrete_leiurus	IF
Moolgarda_cunnesius	IF
Mora_moro	FF
Mormyrops_anguilloides	IF
Morone_saxatilis	IF
Mugil_cephalus	IF
Mullus_barbatus_barbatus	IF
Mullus_surmuletus	IF
Muraena_augusti	IF
Muraena_helena	IF
Muraena_melanotis	IF
Muraena_robusta	IF
Muraenoclinus_dorsalis	IF
Myaka_myaka	IF
Mycteroperca_fusca	IF
Mycteroperca_rubra	IF
Mylocheilus_caurinus	IY
Mylopharodon_conocephalus	IY
Mylopharyngodon_piceus	IY
Myoxocephalus_quadricornis	IY
Myoxocephalus_scorpius	IF
Myripristis_berndti	FF
Myripristis_violacea	IF
Mystacoleucus_marginatus	IF
Myxocyprinus_asiaticus	IF
Nannosalarias_nativitatis	IF
Nannostomus_beckfordi	TY
Naso_brevirostris	TF
Naso_elegans	TF
Naso_lituratus	TF
Naso_unicornis	TF
Naso_vlamingii	TF
Nemadactylus_macropterus	IF
Nemadactylus_monodactylus	IF
Nemateleotris_magnifica	IF
Nematolebias_whitei	IF
Neobola_bottegoi	IF
Neobythites_sivicola	IF
Neochanna_burrowsius	VY
Neoclinus_blanchardi	IF
Neocyttus_helgae	IF
Neocyttus_rhomboidalis	VY
Neofundulus_paraguayensis	IF
Neolamprologus_brichardi	IF
Neolamprologus_buescheri	TF
Neolamprologus_fasciatus	IF
Neolamprologus_furcifer	VF
Neolamprologus_hecqui	IF
Neolamprologus_leleupi	TF
Neolamprologus_mondabu	FF
Neolamprologus_obscurus	IF
Neolamprologus_sexfasciatus	IF
Neolamprologus_tetracanthus	IF
Neolamprologus_tretocephalus	FF
Neolamprologus_variostigma	TF
Neolamprologus_ventralis	XF
Neomerinthe_hemingwayi	IF
Neoniphon_argenteus	VY
Neoniphon_aurolineatus	VF
Neoniphon_sammara	VY
Neopagetopsis_ionah	IF
Neopomacentrus_bankieri	IF
Neosalanx_anderssoni	IY
Nerophis_lumbriciformis	MF
Nes_longus	IF
Nesiarchus_nasutus	I-
Nicholsicypris_normalis	IY
Nimbochromis_fuscotaeniatus	IF
Niphon_spinosus	IF
Nipponocypris_sieboldii	IY
Nipponocypris_temminckii	IY
Niwaella_delicata	IF
Nocomis_asper	IY
Nocomis_biguttatus	IY
Nocomis_effusus	IY
Nocomis_leptocephalus	IY
Nocomis_micropogon	IY
Nocomis_raneyi	IY
Notacanthus_bonaparte	IF
Notemigonus_crysoleucas	TY
Nothobranchius_orthonotus	IF
Notolepis_coatsi	CF
Notothenia_angustata	VF
Notothenia_coriiceps	VF
Notothenia_neglecta	VF
Notothenia_rossii	--
Notropis_atherinoides	IY
Notropis_baileyi	IY
Notropis_blennius	IY
Notropis_boucardi	IY
Notropis_calientis	IY
Notropis_chiliticus	IY
Notropis_chlorocephalus	IY
Notropis_chrosomus	IY
Notropis_imeldae	IY
Notropis_leuciodus	IY
Notropis_longirostris	IY
Notropis_lutipinnis	IY
Notropis_moralesi	IY
Notropis_nubilus	IY
Notropis_petersoni	TY
Notropis_rubellus	IY
Notropis_rubricroceus	IY
Notropis_spectrunculus	IY
Notropis_texanus	IY
Notropis_volucellus	IY
Oblada_melanura	IF
Ochetobius_elongatus	IY
Odax_pullus	IF
Odontanthias_chrysostictus	IF
Odonus_niger	TF
Ogcocephalus_nasutus	T-
Omegophora_armilla	IF
Omobranchus_anolius	IF
Omobranchus_obliquus	IF
Oncorhynchus_clarkii	SF
Oncorhynchus_gorbuscha	IF
Oncorhynchus_keta	IF
Oncorhynchus_kisutch	IF
Oncorhynchus_masou_formosanus	--
Oncorhynchus_masou_masou	--
Oncorhynchus_mykiss	IF
Oncorhynchus_nerka	IF
Oncorhynchus_tshawytscha	IF
Onigocia_bimaculata	IF
Onychostoma_barbatulum	IF
Onychostoma_ovale	IF
Ophioblennius_macclurei	VF
Ophioblennius_steindachneri	IF
Ophiocara_porocephala	IF
Ophiogobius_jenynsi	IF
Ophisurus_macrorhynchos	AF
Ophthalmolebias_bokermanni	IF
Ophthalmolebias_constanciae	IF
Ophthalmotilapia_nasuta	IF
Ophthalmotilapia_ventralis	IF
Oplopomus_oplopomus	IF
Opsanus_pardus	IF
Opsaridium_boweni	IF
Opsaridium_peringueyi	IF
Opsaridium_ubangiense	IF
Opsariichthys_bidens	IY
Opsariichthys_evolans	IY
Opsariichthys_pachycephalus	IY
Opsariichthys_uncirostris	IY
Opsarius_bakeri	IF
Opsarius_koratensis	IF
Opsarius_pulchellus	IF
Opsopoeodus_emiliae_emiliae	TY
Oregonichthys_crameri	IY
Oreichthys_cosuatis	IF
Oreochromis_mossambicus	--
Oreochromis_niloticus	IF
Oreoglanis_macropterus	TY
Oreonectes_platycephalus	IF
Orthodon_microlepidotus	IY
Oryzias_latipes	IF
Osmerus_eperlanus	IY
Osmerus_mordax_dentex	IY
Osmerus_mordax_mordax	SF
Osteobrama_cotio_cotio	IF
Osteobrama_cotio_cunma	IF
Osteochilus_lini	IF
Osteochilus_melanopleurus	IF
Osteochilus_microcephalus	IF
Osteochilus_nashii	IF
Osteochilus_salsburyi	IF
Osteochilus_vittatus	IF
Osteochilus_waandersii	IF
Osteoglossum_bicirrhosum	IF
Ostorhinchus_fasciatus	IF
Ostracion_cubicus	IF
Ostracion_meleagris	IF
Ostracion_rhinorhynchos	IF
Ostracion_solorensis	IF
Ostracion_whitleyi	IF
Otopharynx_brooksi	IF
Otopharynx_heterodon	IF
Oxygaster_anomalura	IY
Oxymonacanthus_longirostris	IF
Pachypanchax_omalonotus	IF
Pachypanchax_playfairii	IF
Pachypanchax_sakaramyi	IF
Pachystomias_microdon	IY
Pagellus_acarne	IF
Pagellus_bellottii	TF
Pagellus_bogaraveo	IF
Pagellus_erythrinus	TF
Pagetopsis_macropterus	IF
Pagetopsis_maculatus	IF
Pagothenia_borchgrevinki	VF
Pagrus_auriga	TF
Pagrus_caeruleostictus	TF
Pagrus_pagrus	TF
Pallidochromis_tokolosh	IF
Pamphorichthys_araguaiensis	IF
Pamphorichthys_hasemani	IF
Pamphorichthys_hollandi	IF
Pamphorichthys_minor	IF
Pamphorichthys_scalpridens	IF
Pampus_argenteus	LF
Pangasianodon_hypophthalmus	IY
Pangio_oblonga	IF
Parablennius_cornutus	IF
Parablennius_gattorugine	IF
Parablennius_intermedius	IF
Parablennius_marmoreus	IF
Parablennius_parvicornis	IF
Parablennius_pilicornis	IF
Parablennius_rouxi	IF
Parablennius_ruber	IX
Parablennius_salensis	I-
Parablennius_sanguinolentus	IF
Parablennius_tasmanianus	IF
Parablennius_tentacularis	IF
Parablennius_yatabei	IF
Parablennius_zvonimiri	IF
Parabotia_banarescui	IF
Parabotia_bimaculata	IF
Parabotia_lijiangensis	IF
Parabotia_mantschurica	IF
Parabramis_pekinensis	IY
Paracanthurus_hepatus	TF
Parachaenichthys_charcoti	IF
Parachaenichthys_georgianus	IF
Paracheirodon_innesi	TY
Parachela_maculicauda	IY
Parachela_oxygastroides	IY
Parachela_siamensis	IY
Parachela_williaminae	IY
Paracirrhites_forsteri	VF
Paracirrhites_hemistictus	IF
Paraclinus_integripinnis	IF
Paraclinus_marmoratus	TF
Paraclinus_mexicanus	IF
Paraclinus_sini	IF
Paracrossochilus_vittatus	IF
Paracyprichromis_brieni	IF
Paracyprichromis_nigripinnis	IF
Paradiplospinus_antarcticus	FF
Paragobiodon_modestus	IF
Parahollardia_lineata	IF
Parailia_pellucida	TY
Parakneria_cameronensis	IF
Paralaubuca_barroni	IY
Paralaubuca_riveroi	IY
Paralaubuca_typus	IY
Paralichthys_dentatus	IF
Paralichthys_olivaceus	IF
Paraluteres_prionurus	IF
Parambassis_ranga	IF
Parambassis_wolffii	IF
Paramonacanthus_choirocephalus	XF
Paramonacanthus_filicauda	XF
Paranotothenia_magellanica	VF
Parapercis_clathrata	TF
Paraplagusia_japonica	IF
Parapristipoma_octolineatum	IF
Parasinilabeo_assimilis	IF
Parastromateus_niger	IF
Pareuchiloglanis_gracilicaudata	IY
Parma_oligolepis	VF
Patagonotothen_guntheri	IF
Patagonotothen_ramsayi	IF
Patagonotothen_tessellata	IF
Pavoclinus_graminis	IF
Pavoclinus_profundus	IF
Pectenocypris_korthausae	IF
Pegusa_cadenati	IF
Pegusa_lascaris	IF
Pelagocephalus_marki	TF
Pelasgus_prespensis	IY
Pelates_quadrilineatus	IF
Pelecus_cultratus	IY
Pempheris_schwenkii	IF
Pentanemus_quinquarius	IF
Perca_fluviatilis	IY
Percopsis_omiscomaycus	IY
Percopsis_transmontana	IY
Periophthalmus_barbarus	IF
Perissodus_microlepis	IF
Pervagor_janthinosoma	TF
Pervagor_melanocephalus	TF
Pervagor_nigrolineatus	TF
Pethia_conchonius	IF
Pethia_erythromycter	IF
Pethia_gelius	IF
Pethia_manipurensis	IF
Pethia_nigrofasciata	IF
Pethia_padamya	IF
Pethia_phutunio	IF
Pethia_shalynius	IF
Pethia_stoliczkana	IF
Pethia_tiantian	IF
Pethia_ticto	IF
Petroscirtes_mitratus	IF
Phenacobius_catostomus	IY
Phenacogrammus_interruptus	TY
Pholis_gunnellus	IF
Phoxinellus_alepidotus	IY
Phoxinellus_dalmaticus	IY
Phoxinellus_pseudalepidotus	IY
Phoxinus_keumkang	IF
Phoxinus_phoxinus	IY
Phreatichthys_andruzzii	IF
Phrynorhombus_norvegicus	IF
Phycis_blennoides	IF
Phycis_phycis	IF
Pituna_poranga	IF
Placidochromis_milomo	IF
Placocheilus_cryptonemus	IF
Plagiognathops_microlepis	IY
Plagiotremus_azaleus	IF
Plagiotremus_rhinorhynchos	VF
Plagiotremus_tapeinosoma	IF
Plagopterus_argentissimus	IY
Platichthys_flesus	IY
Platygillellus_rubrocinctus	IF
Platygobio_gracilis	IY
Plecodus_elaviae	IF
Plecodus_multidentatus	IF
Plecodus_paradoxus	IF
Plecodus_straeleni	IF
Plecoglossus_altivelis_altivelis	LY
Plectorhinchus_mediterraneus	IF
Plectroglyphidodon_dickii	VF
Pleuragramma_antarctica	CF
Pleuronectes_platessa	IF
Poecilia_caucana	IF
Poecilia_latipunctata	IF
Poecilia_parae	IF
Poecilia_reticulata	IF
Poecilia_vivipara	IF
Poecilia_wingei	IF
Poecilopsetta_beanii	IF
Poecilopsetta_plinthus	IF
Pogonichthys_macrolepidotus	IY
Pogonoperca_punctata	IX
Pogonophryne_scotti	VF
Pollachius_pollachius	IF
Pollachius_virens	VF
Pollichthys_mauli	IF
Polydactylus_sextarius	IF
Polyipnus_asteroides	FF
Polyipnus_stereope	FF
Polymixia_japonica	IF
Polymixia_nobilis	IF
Polyodon_spathula	IY
Polyprion_americanus	IF
Polyprion_oxygeneios	IF
Polyspina_piosae	IF
Pomacanthus_maculosus	IF
Pomacentrus_amboinensis	IF
Pomacentrus_pavo	IF
Pomadasys_incisus	AF
Pomadasys_perotaei	IF
Pomatomus_saltatrix	VF
Pomatoschistus_lozanoi	IF
Pomatoschistus_microps	IY
Pomatoschistus_minutus	TF
Pomatoschistus_pictus	IF
Pomoxis_annularis	IY
Pomoxis_nigromaculatus	IY
Ponticola_cephalargoides	IF
Pontinus_kuhlii	IF
Pontinus_longispinis	IF
Praealticus_caesius	IF
Praealticus_labrovittatus	IF
Praealticus_margaritatus	IF
Praealticus_striatus	IF
Praealticus_tanegasimae	IF
Priacanthus_arenatus	TF
Priacanthus_hamrur	TF
Priolepis_cincta	IF
Priolepis_eugenius	IF
Priolepis_hipoliti	IF
Prionodraco_evansii	VF
Prionurus_biafraensis	AF
Prionurus_laticlavius	TF
Prionurus_maculatus	TF
Prionurus_punctatus	A-
Protemblemaria_bicirrus	IF
Proterorhinus_semilunaris	MY
Protogobius_attiti	IF
Protomelas_similis	IF
Protosalanx_chinensis	IY
Prototroctes_maraena	IY
Psammogobius_biocellatus	IF
Psenopsis_anomala	IF
Psettodes_belcheri	--
Pseudaphritis_urvillii	IY
Pseudaspius_leptocephalus	IY
Pseudecheneis_sulcata	VY
Pseudexostoma_yunnanense	TY
Pseudobagrus_tokiensis	TY
Pseudobalistes_flavimarginatus	TF
Pseudobalistes_fuscus	TF
Pseudobalistes_naufragium	AF
Pseudocaranx_dentex	IF
Pseudochaenichthys_georgianus	IF
Pseudocrossocheilus_bamaensis	IF
Pseudocrossocheilus_liuchengensis	IF
Pseudocrossocheilus_longibullus	IF
Pseudocrossocheilus_nigrovittatus	IF
Pseudocrossocheilus_papillolabrus	IF
Pseudocrossocheilus_tridentis	IF
Pseudogastromyzon_changtingensis_tungpeiensis	IF
Pseudogastromyzon_cheni	IF
Pseudogastromyzon_fangi	IF
Pseudogobio_esocinus	IY
Pseudogobio_guilinensis	IY
Pseudogobio_vaillanti	IY
Pseudogyrinocheilus_prochilus	IF
Pseudohemiculter_dispar	IY
Pseudolaubuca_engraulis	IY
Pseudomonacanthus_macrurus	IF
Pseudomonacanthus_peroni	IF
Pseudophycis_bachus	VF
Pseudorasbora_parva	IF
Pseudorasbora_pumila	IY
Pseudorhombus_oligodon	IF
Pseudotolithus_elongatus	IF
Pseudotolithus_senegalensis	VF
Pseudotolithus_senegallus	VF
Pseudotolithus_typus	VF
Pseudotriacanthus_strigilifer	IF
Psilodraco_breviceps	VF
Psilorhynchus_homaloptera	IF
Psilorhynchus_sucatio	IF
Ptereleotris_microlepis	IF
Ptereleotris_monoptera	IF
Ptereleotris_zebra	IF
Pterocaesio_digramma	IF
Pterois_antennata	IF
Pterolebias_longipinnis	IF
Pteronotropis_hypselopterus	IY
Pterycombus_brama	IF
Ptychidio_jordani	IF
Ptychocheilus_grandis	IY
Ptychocheilus_lucius	IY
Ptychocheilus_oregonensis	IY
Ptychocheilus_umpquae	IY
Pungtungia_herzi	IF
Pungu_maclareni	IF
Puntius_bimaculatus	IF
Puntius_chalakkudiensis	IF
Puntius_denisonii	IF
Puntius_dunckeri	IF
Puntius_everetti	IF
Puntius_johorensis	IF
Puntius_lateristriga	IF
Puntius_lineatus	IF
Puntius_oligolepis	IF
Puntius_semifasciolatus	IF
Puntius_sophore	IF
Puntius_titteya	IF
Puntius_vittatus	IF
Qianlabeo_striatus	IF
Rachycentron_canadum	IF
Racovitzia_glacialis	VF
Raiamas_batesii	IF
Raiamas_bola	IF
Raiamas_buchholzi	IF
Raiamas_christyi	IF
Raiamas_guttatus	IF
Raiamas_salmolucius	IF
Raiamas_senegalensis	IF
Ranzania_laevis	TF
Rasbora_argyrotaenia	IF
Rasbora_aurotaenia	IF
Rasbora_bankanensis	IF
Rasbora_borapetensis	IF
Rasbora_cephalotaenia	IF
Rasbora_daniconius	IF
Rasbora_dusonensis	IF
Rasbora_einthovenii	IF
Rasbora_elegans	IF
Rasbora_hobelmani	IF
Rasbora_jacobsoni	IF
Rasbora_kalochroma	IF
Rasbora_kottelati	IF
Rasbora_meinkeni	IF
Rasbora_paviana	IF
Rasbora_rubrodorsalis	IF
Rasbora_steineri	IF
Rasbora_sumatrana	IF
Rasbora_trilineata	IF
Rasbora_tubbi	IF
Rasbora_vulgaris	IF
Rasboroides_vaterifloris	IF
Rasbosoma_spilocerca	IF
Rastrineobola_argentea	IF
Rectoris_posehensis	IF
Regalecus_glesne	IF
Reicheltia_halsteadi	IF
Reinhardtius_hippoglossoides	LF
Relictus_solitarius	IY
Renova_oscari	IF
Rhabdoblennius_nitidus	IF
Rhamphichthys_marmoratus	TY
Rhamphochromis_esox	IF
Rhamphochromis_longiceps	IF
Rhinecanthus_aculeatus	AF
Rhinecanthus_assasi	TF
Rhinecanthus_lunula	TF
Rhinecanthus_rectangulus	TF
Rhinecanthus_verrucosus	TF
Rhinesomus_triqueter	TF
Rhinichthys_atratulus	IY
Rhinichthys_cataractae	IY
Rhinichthys_cobitis	IY
Rhinichthys_osculus	IY
Rhinogobio_typus	IY
Rhinogobiops_nicholsii	IF
Rhinomugil_nasutus	--
Rhinomuraena_quaesita	IF
Rhodeus_ocellatus	TF
Rhodeus_suigensis	NH
Rhyacichthys_guilberti	IF
Rhynchocypris_lagowskii	AF
Rhynchocypris_percnurus	IY
Rhynchopelates_oxyrhynchus	SF
Rhynchostracion_nasus	IF
Richardsonius_balteatus	IY
Richardsonius_egregius	IY
Risor_ruber	IF
Rivulus_cylindraceus	IF
Rivulus_roloffi	IF
Romanogobio_ciscaucasicus	IY
Romanogobio_tanaiticus	IY
Romanogobio_tenuicorpus	IY
Ruanoho_whero	VF
Rudarius_ercodes	IF
Rutilus_rutilus	IY
Ruvettus_pretiosus	IF
Rypticus_saponaceus	IF
Sagamichthys_abei	IF
Salangichthys_microdon	VY
Salaria_fluviatilis	IF
Salaria_pavo	IF
Salarias_alboguttatus	IF
Salarias_fasciatus	IF
Salmo_salar	IY
Salmo_trutta	TY
Salmophasia_bacaila	IF
Salmophasia_phulo	IF
Samaris_cristatus	XF
Samariscus_latus	IF
Sarcocheilichthys_nigripinnis_nigripinnis	IY
Sarcocheilichthys_parvus	IY
Sarcocheilichthys_sinensis_sinensis	IY
Sarcocheilichthys_soldatovi	IY
Sarcocheilichthys_variegatus_microoculus	IY
Sarda_sarda	IF
Sardina_pilchardus	CF
Sardinella_aurita	IF
Sardinella_maderensis	MF
Sargocentron_diadema	IF
Sargocentron_microstoma	IF
Sargocentron_punctatissimum	VF
Sargocentron_spiniferum	FY
Sargocentron_tiere	FY
Sargocentron_xantherythrum	VF
Sarotherodon_caroli	IF
Sarotherodon_galilaeus	IF
Sarotherodon_linnellii	IF
Sarotherodon_lohbergeri	IF
Sarotherodon_melanotheron	IF
Sarotherodon_steinbachi	IF
Sarpa_salpa	VF
Saurogobio_dabryi	IY
Sawbwa_resplendens	IF
Scardinius_erythrophthalmus	IY
Scartella_caboverdiana	IF
Scartella_cristata	IF
Scartella_emarginata	IF
Scarus_psittacus	IF
Scatophagus_argus	IF
Schedophilus_medusophagus	VF
Schedophilus_ovalis	IF
Schedophilus_velaini	IF
Schismatorhynchos_nukta	IF
Schistura_balteata	IF
Schistura_savona	IF
Schizothorax_waltoni	IF
Sciaenochromis_fryeri	IF
Scomber_colias	IF
Scomber_japonicus	IF
Scomber_scombrus	IF
Scomberomorus_brasiliensis	IF
Scomberomorus_cavalla	IF
Scomberomorus_commerson	IF
Scomberomorus_maculatus	IF
Scomberomorus_regalis	IF
Scophthalmus_maximus	IF
Scophthalmus_rhombus	IF
Scorpaena_elongata	IF
Scorpaena_maderensis	IF
Scorpaena_notata	IF
Scorpaena_onaria	IF
Scorpaena_porcus	IF
Scorpaena_scrofa	IF
Scorpaenodes_guamensis	IF
Scorpaenodes_minor	IF
Scorpaenopsis_diabolus	IF
Scorpaenopsis_macrochir	IF
Scorpaenopsis_possi	IF
Scriptaphyosemion_banforense	IF
Scriptaphyosemion_guignardi	IF
Sebastes_alutus	IF
Sebastes_auriculatus	IF
Sebastes_aurora	IF
Sebastes_brevispinis	IF
Sebastes_carnatus	IF
Sebastes_caurinus	IF
Sebastes_chlorostictus	IF
Sebastes_chrysomelas	IF
Sebastes_ciliatus	IF
Sebastes_constellatus	IF
Sebastes_diploproa	IF
Sebastes_elongatus	IF
Sebastes_entomelas	IF
Sebastes_flavidus	IF
Sebastes_hopkinsi	IF
Sebastes_maliger	IF
Sebastes_melanops	IF
Sebastes_melanostomus	IF
Sebastes_miniatus	IF
Sebastes_mystinus	IF
Sebastes_nebulosus	IF
Sebastes_nigrocinctus	IF
Sebastes_ovalis	IF
Sebastes_paucispinis	IF
Sebastes_pinniger	IF
Sebastes_proriger	IF
Sebastes_ruberrimus	IF
Sebastes_rubrivinctus	IF
Sebastes_schlegelii	SF
Sebastes_semicinctus	IF
Sebastes_serranoides	IF
Sebastes_umbrosus	IF
Sebastes_viviparus	IF
Sebastolobus_altivelis	IF
Securicula_gora	IF
Selar_crumenophthalmus	IF
Selene_dorsalis	IF
Selenotoca_multifasciata	IF
Semaprochilodus_insignis	TY
Semilabeo_notabilis	IF
Semilabeo_obscurus	IF
Semotilus_atromaculatus	IY
Seriola_carpenteri	VF
Seriola_dumerili	VF
Seriola_fasciata	VF
Seriola_rivoliana	VF
Seriolella_brama	IF
Serranus_accraensis	IF
Serranus_atricauda	TF
Serranus_cabrilla	IF
Serranus_hepatus	TF
Serranus_scriba	IF
Sewellia_lineolata	IF
Sicydium_plumieri	IF
Sicydium_punctatum	IF
Sicyopterus_lagocephalus	IF
Sicyopterus_pugnans	IF
Sicyopus_zosterophorus	IF
Siganus_vulpinus	IF
Sigmops_bathyphilus	GF
Signigobius_biocellatus	IF
Sillago_sihama	IF
Silurus_glanis	--
Silurus_meridionalis	AY
Sinibotia_robusta	IF
Sinibotia_superciliaris	IF
Sinibrama_macrops	IY
Sinocrossocheilus_megalophthalmus	IF
Sinocyclocheilus_anophthalmus	IF
Sinocyclocheilus_furcodorsalis	IF
Sinocyclocheilus_grahami	IF
Sinocyclocheilus_jii	IF
Sinocyclocheilus_jiuxuensis	IF
Sinocyclocheilus_macrolepis	IF
Sinocyclocheilus_macrophthalmus	IF
Sinocyclocheilus_maculatus	IF
Sinocyclocheilus_microphthalmus	IF
Sinocyclocheilus_purpureus	IF
Sinocyclocheilus_qiubeiensis	IF
Sinocyclocheilus_rhinocerous	IF
Sinocyclocheilus_tingi	IF
Sinocyclocheilus_xunlensis	IF
Sinocyclocheilus_yangzongensis	IF
Sinocyclocheilus_yimenensis	IF
Siphateles_alvordensis	IY
Siphateles_bicolor	IY
Siphateles_boraxobius	IY
Smilosicyopus_chloe	IF
Smilosicyopus_sasali	IF
Snyderichthys_copei	IY
Solea_aegyptiaca	IF
Solea_senegalensis	IF
Solea_solea	IF
Sparisoma_cretense	IF
Sparisoma_rubripinne	IF
Sparus_aurata	IF
Spathodus_erythrodon	IF
Speoplatyrhinus_poulsoni	IY
Sphaeramia_nematoptera	IF
Sphoeroides_annulatus	IF
Sphoeroides_cheesemanii	TF
Sphoeroides_dorsalis	TF
Sphoeroides_lispus	IF
Sphoeroides_lobatus	TF
Sphoeroides_maculatus	IF
Sphoeroides_nephelus	IF
Sphoeroides_pachygaster	TF
Sphoeroides_parvus	TF
Sphoeroides_spengleri	TF
Sphoeroides_testudineus	IF
Sphyraena_argentea	IF
Sphyraena_barracuda	IF
Sphyraena_guachancho	IF
Sphyraena_sphyraena	IX
Sphyraena_viridensis	IF
Spicara_maena	IF
Spicara_smaris	VF
Spinachia_spinachia	IF
Spinibarbus_denticulatus	IF
Spinibarbus_hollandi	IF
Spinibarbus_sinensis	IF
Spondyliosoma_cantharus	VF
Sprattus_sprattus	IF
Squalidus_argentatus	IY
Squalidus_chankaensis_chankaensis	IY
Squalidus_gracilis_gracilis	IY
Squalidus_japonicus_japonicus	IY
Squalidus_wolterstorffi	IY
Squaliobarbus_curriculus	IY
Squalius_aradensis	IY
Squalius_carolitertii	IY
Squalius_cephalus	IY
Squalius_pyrenaicus	IY
Squalius_torgalensis	IY
Starksia_atlantica	TF
Starksia_fasciata	AF
Starksia_galapagensis	IF
Starksia_grammilaga	IF
Starksia_lepicoelia	TF
Starksia_nanodes	TF
Starksia_ocellata	IF
Starksia_posthon	IF
Starksia_spinipenis	IF
Stathmonotus_culebrai	IF
Stathmonotus_lugubris	IF
Stathmonotus_stahli	IF
Steatocranus_casuarius	IF
Stegastes_gascoynei	VF
Stenobrachius_leucopsarus	GF
Stephanolepis_auratus	IF
Stephanolepis_cirrhifer	IF
Stephanolepis_hispidus	IF
Stereolepis_gigas	IF
Stigmatopora_nigra	TF
Stiphodon_atratus	IF
Stiphodon_elegans	IF
Stiphodon_hydoreibatus	IF
Stiphodon_rubromaculatus	IF
Stiphodon_rutilaureus	IF
Stiphodon_sapphirinus	IF
Stokellia_anisodon	IY
Stomatepia_mariae	IF
Stomatepia_mongo	IF
Stomatepia_pindu	TF
Stomias_atriventer	IF
Stomias_gracilis	IF
Stonogobiops_xanthorhinica	IF
Strophidon_sathete	IF
Sufflamen_albicaudatum	TF
Sufflamen_bursa	TF
Sufflamen_chrysopterum	TF
Sufflamen_fraenatum	TF
Sufflamen_verres	TF
Syacium_micrurum	TF
Symphurus_orientalis	IF
Synagrops_bellus	TF
Synanceia_verrucosa	IF
Synaptura_lusitanica_lusitanica	IF
Synapturichthys_kleinii	IF
Syncrossus_beauforti	IF
Syngnathus_acus	IF
Syngnathus_typhle	TF
Synodus_foetens	IF
Synodus_saurus	IF
Systomus_foerschi	IF
Systomus_orphoides	IF
Systomus_pentazona	IF
Systomus_rhomboocellatus	IF
Systomus_tetrazona	IF
Tahuantinsuyoa_macantzatza	IF
Takifugu_niphobles	IF
Takifugu_ocellatus	IF
Takifugu_pardalis	IF
Takifugu_poecilonotus	IF
Takifugu_porphyreus	TF
Takifugu_rubripes	IF
Takifugu_stictonotus	IF
Takifugu_xanthopterus	IF
Talismania_longifilis	IF
Tampichthys_catostomops	IY
Tampichthys_dichromus	IY
Tampichthys_erimyzonops	IY
Tampichthys_ipni	IY
Tampichthys_mandibularis	IY
Tanakia_himantegus	IY
Tanakia_limbata	IY
Tanichthys_albonubes	IY
Tanichthys_micagemmae	IY
Taractichthys_longipinnis	IF
Taurulus_bubalis	IF
Telestes_croaticus	IY
Telestes_fontinalis	IY
Telestes_metohiensis	IY
Telestes_souffia	IY
Telmatochromis_dhonti	IF
Telmatochromis_temporalis	IF
Terranatos_dolichopterus	IF
Tetractenos_glaber	IF
Tetractenos_hamiltoni	IF
Tetraodon_biocellatus	IF
Tetraodon_cambodgiensis	IF
Tetraodon_duboisi	IF
Tetraodon_erythrotaenia	IF
Tetraodon_fluviatilis	IF
Tetraodon_lineatus	IF
Tetraodon_mbu	IF
Tetraodon_miurus	IF
Tetraodon_nigroviridis	IF
Tetraodon_palembangensis	IF
Tetraodon_pustulatus	IF
Tetraodon_suvattii	IF
Tetrapturus_angustirostris	VF
Tetrapturus_belone	VF
Tetrapturus_georgii	VF
Tetrapturus_pfluegeri	VF
Tetrosomus_concatenatus	TF
Tetrosomus_fornasini	TF
Tetrosomus_gibbosus	TF
Tetrosomus_reipublicae	TF
Thalassoma_pavo	IF
Thamnaconus_modestus	TF
Thunnus_alalunga	IF
Thunnus_albacares	IF
Thunnus_atlanticus	IF
Thunnus_obesus	IF
Thunnus_orientalis	IF
Thunnus_thynnus	IF
Thynnichthys_thynnoides	IF
Tigrigobius_gemmatus	IF
Tigrigobius_inornatus	IF
Tigrigobius_janssi	IF
Tigrigobius_macrodon	IF
Tigrigobius_multifasciatus	IF
Tigrigobius_nesiotes	IF
Tigrigobius_saucrus	IF
Tinca_tinca	IY
Tomicodon_humeralis	IF
Tomicodon_myersi	IF
Tomiyamichthys_lanceolatus	IF
Tor_sinensis	IF
Torquigener_altipinnis	TF
Torquigener_flavimaculosus	TF
Torquigener_hypselogeneion	TF
Torquigener_pleurogramma	IF
Torquigener_squamicauda	IF
Toxabramis_houdemeri	IY
Toxotes_chatareus	IF
Toxotes_jaculatrix	IF
Traccatichthys_pulcher	IF
Trachinotus_ovatus	IF
Trachinus_draco	IF
Trachinus_radiatus	IF
Trachurus_mediterraneus	IF
Trachurus_murphyi	IF
Trachurus_picturatus	IF
Trachurus_trachurus	IF
Trachyrincus_murrayi	FF
Trematocara_macrostoma	IF
Trematocara_unimaculatum	IF
Trematomus_bernacchii	VF
Trematomus_eulepidotus	VF
Trematomus_hansoni	VF
Trematomus_lepidorhinus	TF
Trematomus_loennbergii	TF
Trematomus_newnesi	VF
Trematomus_nicolai	VF
Trematomus_pennellii	VF
Trematomus_scotti	VF
Trematomus_tokarevi	VF
Trematomus_vicarius	VF
Triacanthodes_ethiops	TF
Triacanthus_nieuhofii	IF
Tribolodon_brandtii	IY
Tribolodon_hakonensis	IY
Tribolodon_nakamurai	IY
Tribolodon_sachalinensis	IY
Trichiurus_lepturus	IF
Trigla_lyra	FF
Trigloporus_lastoviza	TF
Trigonectes_balzanii	IF
Trigonectes_rubromarginatus	IF
Trigonopoma_gracile	IF
Trigonopoma_pauciperforatum	IF
Trigonostigma_hengeli	IF
Trigonostigma_heteromorpha	IF
Trimma_caesiura	IF
Trimma_flammeum	IF
Trimmatom_eviotops	IF
Trinectes_maculatus	IF
Triodon_macropterus	TF
Triplophysa_gundriseri	IF
Triplophysa_rosa	TF
Tripterygion_delaisi	VF
Trisopterus_esmarkii	TF
Trisopterus_luscus	IF
Trisopterus_minutus	TF
Trixiphichthys_weberi	IF
Tropheus_duboisi	--
Tropidophoxinellus_alburnoides	IY
Tuberoschistura_baenzigeri	IF
Tydemania_navigatoris	TF
Tylosurus_acus_acus	IF
Typhlichthys_subterraneus	IY
Umbra_limi	IY
Umbra_pygmaea	IY
Umbrina_canariensis	TF
Uranoscopus_albesca	IF
Uranoscopus_scaber	IF
Vaillantella_maassi	IF
Valenciennea_longipinnis	IF
Valenciennea_puellaris	IF
Valenciennea_strigata	IF
Vanacampus_margaritifer	AF
Vanderhorstia_ornatissima	IF
Vanmanenia_caldwelli	IF
Vanmanenia_pingchowensis	IF
Variabilichromis_moorii	IF
Vomeridens_infuscipinnis	VF
Xanthichthys_auromarginatus	TF
Xanthichthys_lineopunctatus	TF
Xanthichthys_mento	TF
Xanthichthys_ringens	TF
Xeneretmus_latifrons	TF
Xenochromis_hecqui	IF
Xenocypris_macrolepis	IY
Xenomedea_rhodopyga	IF
Xenotilapia_bathyphila	FF
Xenotilapia_boulengeri	IF
Xenotilapia_caudafasciata	IF
Xenotilapia_flavipinnis	IF
Xenotilapia_leptura	IF
Xenotilapia_melanogenys	IF
Xenotilapia_nigrolabiata	IF
Xenotilapia_ochrogenys	IF
Xenotilapia_rotundiventralis	IF
Xenotilapia_sima	IF
Xenotilapia_spiloptera	IF
Xiphias_gladius	VF
Xiphophorus_hellerii	IF
Xiphophorus_malinche	FF
Xyrichtys_novacula	TF
Xystreurys_liolepis	IF
Yaoshanicus_arcus	IY
Yarrella_blackfordi	IF
Yasuhikotakia_morleti	IF
Yuriria_alta	IY
Zacco_platypus	IY
Zebrasoma_desjardinii	TF
Zebrasoma_flavescens	TF
Zebrasoma_scopas	TF
Zebrasoma_velifer	TF
Zenopsis_conchifer	IF
Zeugopterus_punctatus	IF
Zeus_faber	IF
Zoarces_viviparus	IY
Zosterisessor_ophiocephalus	IF
